Session,Album or Outtake,Song Title
Greetings From Asbury Park NJ,Album,Blinded by the Light
Greetings From Asbury Park NJ,Album,Growin' Up
Greetings From Asbury Park NJ,Album,Mary Queen of Arkansas
Greetings From Asbury Park NJ,Album,Does This Bus Stop at 82nd Street?
Greetings From Asbury Park NJ,Album,Lost in the Flood
Greetings From Asbury Park NJ,Album,The Angel
Greetings From Asbury Park NJ,Album,For You
Greetings From Asbury Park NJ,Album,Spirit in the Night
Greetings From Asbury Park NJ,Album,It's Hard to Be a Saint in the City
Greetings From Asbury Park NJ,Outtake,Henry Boy
Wild Innocent & E Street Shuffle,Album,The E Street Shuffle
Wild Innocent & E Street Shuffle,Album,"4th of July, Asbury Park (Sandy)"
Wild Innocent & E Street Shuffle,Album,Kitty's Back
Wild Innocent & E Street Shuffle,Album,Wild Billy's Circus Story
Wild Innocent & E Street Shuffle,Album,Incident on 57th Street
Wild Innocent & E Street Shuffle,Album,Rosalita (Come Out Tonight)
Wild Innocent & E Street Shuffle,Album,New York City Serenade
Wild Innocent & E Street Shuffle,Outtake,The Fever
Wild Innocent & E Street Shuffle,Outtake,Santa Ana
Wild Innocent & E Street Shuffle,Outtake,Seaside Bar Song
Wild Innocent & E Street Shuffle,Outtake,Thundercrack
Wild Innocent & E Street Shuffle,Outtake,Zero and Blind Terry
Born To Run,Album,Thunder Road
Born To Run,Album,Tenth Avenue Freeze-Out
Born To Run,Album,Night
Born To Run,Album,Backstreets
Born To Run,Album,Born to Run
Born To Run,Album,She's the One
Born To Run,Album,Meeting Across the River
Born To Run,Album,Jungleland
Born To Run,Outtake,Linda Let Me Be the One
Darkness On The Edge Of Town,Album,Badlands
Darkness On The Edge Of Town,Album,Adam Raised a Cain
Darkness On The Edge Of Town,Album,Something in the Night
Darkness On The Edge Of Town,Album,Candy's Room
Darkness On The Edge Of Town,Album,Racing in the Street
Darkness On The Edge Of Town,Album,The Promised Land
Darkness On The Edge Of Town,Album,Factory
Darkness On The Edge Of Town,Album,Streets of Fire
Darkness On The Edge Of Town,Album,Prove It All Night
Darkness On The Edge Of Town,Album,Darkness on the Edge of Town
Darkness On The Edge Of Town,Outtake,Ain't Good Enough for You
Darkness On The Edge Of Town,Outtake,Because the Night
Darkness On The Edge Of Town,Outtake,Breakaway
Darkness On The Edge Of Town,Outtake,Candy's Boy
Darkness On The Edge Of Town,Outtake,City of Night
Darkness On The Edge Of Town,Outtake,Come on (Let's Go Tonight)
Darkness On The Edge Of Town,Outtake,Don't Look Back
Darkness On The Edge Of Town,Outtake,Fire
Darkness On The Edge Of Town,Outtake,Give the Girl a Kiss
Darkness On The Edge Of Town,Outtake,Gotta Get That Feeling
Darkness On The Edge Of Town,Outtake,Hearts of Stone
Darkness On The Edge Of Town,Outtake,Iceman
Darkness On The Edge Of Town,Outtake,It's a Shame
Darkness On The Edge Of Town,Outtake,One Way Street
Darkness On The Edge Of Town,Outtake,Outside Looking In
Darkness On The Edge Of Town,Outtake,Paradise by the C
Darkness On The Edge Of Town,Outtake,Racing in the Street ('78)
Darkness On The Edge Of Town,Outtake,Rendezvous
Darkness On The Edge Of Town,Outtake,Save My Love
Darkness On The Edge Of Town,Outtake,So Young and in Love
Darkness On The Edge Of Town,Outtake,Someday (We'll Be Together)
Darkness On The Edge Of Town,Outtake,Spanish Eyes
Darkness On The Edge Of Town,Outtake,Talk to Me
Darkness On The Edge Of Town,Outtake,The Brokenhearted
Darkness On The Edge Of Town,Outtake,The Little Things (My Baby Does)
Darkness On The Edge Of Town,Outtake,The Promise
Darkness On The Edge Of Town,Outtake,The Way
Darkness On The Edge Of Town,Outtake,Wrong Side of the Street
The River,Album,The Ties That Bind
The River,Album,Sherry Darling
The River,Album,Jackson Cage
The River,Album,Two Hearts
The River,Album,Independence Day
The River,Album,Hungry Heart
The River,Album,Out in the Street
The River,Album,Crush on You
The River,Album,You Can Look (But You Better Not Touch)
The River,Album,I Wanna Marry You
The River,Album,The River
The River,Album,Point Blank
The River,Album,Cadillac Ranch
The River,Album,I'm a Rocker
The River,Album,Fade Away
The River,Album,Stolen Car
The River,Album,Ramrod
The River,Album,The Price You Pay
The River,Album,Drive All Night
The River,Album,Wreck on the Highway
The River,Outtake,Be True
The River,Outtake,Held Up Without a Gun
The River,Outtake,Cindy
The River,Outtake,Roulette
The River,Outtake,Bring on the Night
The River,Outtake,Restless Nights
The River,Outtake,Dollhouse
The River,Outtake,Where the Bands Are
The River,Outtake,Loose Ends
The River,Outtake,Living on the Edge of the World
The River,Outtake,Take 'Em as They Come
The River,Outtake,Ricky Wants a Man of Her Own
The River,Outtake,I Wanna Be With You
The River,Outtake,Mary Lou
The River,Outtake,From Small Things (Big Things One Day Come)
The River,Outtake,Meet Me in the City
The River,Outtake,The Man Who Got Away
The River,Outtake,Little White Lies
The River,Outtake,The Time That Never Was
The River,Outtake,Night Fire
The River,Outtake,Whitetown
The River,Outtake,Chain Lightning
The River,Outtake,Party Lights
The River,Outtake,"Paradise by the ""C"""
The River,Outtake,Stray Bullet
The River,Outtake,Mr. Outside
Nebraska,Album,Nebraska
Nebraska,Album,Atlantic City
Nebraska,Album,Mansion on the Hill
Nebraska,Album,Johnny 99
Nebraska,Album,Highway Patrolman
Nebraska,Album,State Trooper
Nebraska,Album,Used Cars
Nebraska,Album,Open All Night
Nebraska,Album,My Father's House
Nebraska,Album,Reason to Believe
Nebraska,Outtake,The Big Payback
Nebraska,Outtake,BORN IN THE U.S.A. (Outtake)
Nebraska,Outtake,Johnny Bye-Bye
Born In The USA,Album,Born in the U.S.A.
Born In The USA,Album,Cover Me
Born In The USA,Album,Darlington County
Born In The USA,Album,Working on the Highway
Born In The USA,Album,Downbound Train
Born In The USA,Album,I'm on Fire
Born In The USA,Album,No Surrender
Born In The USA,Album,Bobby Jean
Born In The USA,Album,I'm Goin' Down
Born In The USA,Album,Glory Days
Born In The USA,Album,Dancing in the Dark
Born In The USA,Album,My Hometown
Born In The USA,Outtake,Seeds
Born In The USA,Outtake,Murder Incorporated
Born In The USA,Outtake,Stand on It
Born In The USA,Outtake,My Love Will Not Let You Down
Born In The USA,Outtake,Pink Cadillac
Born In The USA,Outtake,None but the Brave
Born In The USA,Outtake,Cynthia
Born In The USA,Outtake,"Janey, Don't You Lose Heart"
Born In The USA,Outtake,Lion's Den
Born In The USA,Outtake,This Hard Land
Born In The USA,Outtake,Shut Out the Light
Born In The USA,Outtake,A Good Man Is Hard to Find (Pittsburgh)
Born In The USA,Outtake,Wages of Sin
Born In The USA,Outtake,Frankie
Born In The USA,Outtake,Rockaway the Days
Born In The USA,Outtake,Car Wash
Born In The USA,Outtake,Tv Movie
Born In The USA,Outtake,Brothers Under the Bridges ('8)
Born In The USA,Outtake,Man at the Top
Born In The USA,Outtake,County Fair
Tunnel Of Love,Album,Ain't Got You
Tunnel Of Love,Album,Tougher Than the Rest
Tunnel Of Love,Album,All That Heaven Will Allow
Tunnel Of Love,Album,Spare Parts
Tunnel Of Love,Album,Cautious Man
Tunnel Of Love,Album,Walk Like a Man
Tunnel Of Love,Album,Tunnel of Love
Tunnel Of Love,Album,Two Faces
Tunnel Of Love,Album,Brilliant Disguise
Tunnel Of Love,Album,One Step Up
Tunnel Of Love,Album,When You're Alone
Tunnel Of Love,Album,Valentine's Day
Tunnel Of Love,Outtake,Lucky Man
Tunnel Of Love,Outtake,"Part Man, Part Monkey"
Tunnel Of Love,Outtake,Two for the Road
Tunnel Of Love,Outtake,The Honeymooners
Tunnel Of Love,Outtake,The Wish
Tunnel Of Love,Outtake,When You Need Me
Tunnel Of Love,Outtake,We Are the World
Tunnel Of Love,Outtake,We've Got the Love
Tunnel Of Love,Outtake,I Ain't Got No Home
Tunnel Of Love,Outtake,Vigilante Man
Human Touch,Album,Human Touch
Human Touch,Album,Soul Driver
Human Touch,Album,Channels (And Nothin' On)
Human Touch,Album,Cross My Heart
Human Touch,Album,Gloria's Eyes
Human Touch,Album,With Every Wish
Human Touch,Album,Roll of the Dice
Human Touch,Album,Real World
Human Touch,Album,All or Nothin' at All
Human Touch,Album,Man's Job
Human Touch,Album,I Wish I Were Blind
Human Touch,Album,The Long Goodbye
Human Touch,Album,Real Man
Human Touch,Album,Pony Boy
Human Touch,Outtake,Viva Las Vegas
Human Touch,Outtake,Chicken Lips and Lizard Hips
Human Touch,Outtake,Days Out
Human Touch,Outtake,Secret Garden
Human Touch,Outtake,Trouble in Paradise
Human Touch,Outtake,Sad Eyes
Human Touch,Outtake,Leavin' Train
Human Touch,Outtake,Seven Angels
Human Touch,Outtake,My Lover Man
Human Touch,Outtake,When the Lights Go Out
Human Touch,Outtake,Over the Rise
Human Touch,Outtake,Goin' Cali
Human Touch,Outtake,Loose Change
Human Touch,Outtake,Trouble River
Human Touch,Outtake,All the Way Home Outtake
Lucky Town,Album,Better Days
Lucky Town,Album,Lucky Town
Lucky Town,Album,Local Hero
Lucky Town,Album,If I Should Fall Behind
Lucky Town,Album,Leap of Faith
Lucky Town,Album,The Big Muddy
Lucky Town,Album,Living Proof
Lucky Town,Album,Book of Dreams
Lucky Town,Album,Souls of the Departed
Lucky Town,Album,My Beautiful Reward
Lucky Town,Outtake,Happy
The Ghost Of Tom Joad,Album,The Ghost of Tom Joad
The Ghost Of Tom Joad,Album,Straight Time
The Ghost Of Tom Joad,Album,Highway 9
The Ghost Of Tom Joad,Album,Youngstown
The Ghost Of Tom Joad,Album,Sinaloa Cowboys
The Ghost Of Tom Joad,Album,The Line
The Ghost Of Tom Joad,Album,Balboa Park
The Ghost Of Tom Joad,Album,Dry Lightning
The Ghost Of Tom Joad,Album,The New Timer
The Ghost Of Tom Joad,Album,Across the Border
The Ghost Of Tom Joad,Album,Galveston Bay
The Ghost Of Tom Joad,Album,My Best Was Never Good Enough
The Ghost Of Tom Joad,Outtake,Brothers Under the Bridge
The Ghost Of Tom Joad,Outtake,Dead Man Walkin'
Reunion Tour,Outtake,American Skin (41 Shots)
Reunion Tour,Outtake,BORN IN THE U.S.A. (Acoustic)
Reunion Tour,Outtake,Land of Hope and Dreams
The Rising,Album,Lonesome Day
The Rising,Album,Into the Fire
The Rising,Album,Waitin' on a Sunny Day
The Rising,Album,Nothing Man
The Rising,Album,Countin' on a Miracle
The Rising,Album,Empty Sky
The Rising,Album,Worlds Apart
The Rising,Album,Let's Be Friends (Skin to Skin)
The Rising,Album,Further on (Up the Road)
The Rising,Album,The Fuse
The Rising,Album,Mary's Place
The Rising,Album,You're Missing
The Rising,Album,The Rising
The Rising,Album,Paradise
The Rising,Album,My City of Ruins
Devils and Dust,Album,Devils & Dust 
Devils and Dust,Album,All the Way Home
Devils and Dust,Album,Reno 
Devils and Dust,Album,Long Time Comin' 
Devils and Dust,Album,Black Cowboys
Devils and Dust,Album,Maria's Bed
Devils and Dust,Album,Silver Palomino
Devils and Dust,Album,Jesus Was an Only Son
Devils and Dust,Album,Leah
Devils and Dust,Album,The Hitter
Devils and Dust,Album,All I'm Thinkin' About 
Devils and Dust,Album,Matamoros Banks 
Devils and Dust,Album,Code of Silence
Devils and Dust,Album,Can't Teach an Old Dog New Tricks
The Seeger Sessions,Album,Old Dan Tucker
The Seeger Sessions,Album,Jesse James
The Seeger Sessions,Album,MRS. McGrath
The Seeger Sessions,Album,O Mary Don't You Weep
The Seeger Sessions,Album,John Henry
The Seeger Sessions,Album,Erie Canal
The Seeger Sessions,Album,Jacob's Ladder
The Seeger Sessions,Album,My Oklahoma Home
The Seeger Sessions,Album,Eyes on the Prize
The Seeger Sessions,Album,Shenandoah
The Seeger Sessions,Album,Pay Me My Money Down
The Seeger Sessions,Album,We Shall Overcome
The Seeger Sessions,Album,Froggie Went a Courtin'
The Seeger Sessions,Album,Buffalo Gals 
The Seeger Sessions,Album,How Can I Keep From Singing? 
The Seeger Sessions,Album,Buffalo Gals
The Seeger Sessions,Album,How Can a Poor Man Stand Such Times and Live? 
The Seeger Sessions,Album,Bring 'Em Home 
The Seeger Sessions,Album,American Land 
The Seeger Sessions,Album,Pay Me My Money Down 
The Seeger Sessions,Outtake,Hobo's Lullaby
The Seeger Sessions,Outtake,If I Had a Hammer (The Hammer Song)
The Seeger Sessions,Outtake,"Long Walk Home, Seegar Sessions"
The Seeger Sessions,Outtake,Once Upon a Time in the West
The Seeger Sessions,Outtake,"The Ghost of Tom Joad, Seegar Sessions"
Magic,Album,Radio Nowhere
Magic,Album,You'll Be Comin' Down
Magic,Album,Livin' in the Future
Magic,Album,Your Own Worst Enemy
Magic,Album,Gypsy Biker
Magic,Album,Girls in Their Summer Clothes
Magic,Album,I'll Work for Your Love
Magic,Album,Magic
Magic,Album,Last to Die
Magic,Album,Long Walk Home
Magic,Album,Devil's Arcade
Magic,Album,Terry's Song
Working On A Dream,Album,Outlaw Pete
Working On A Dream,Album,My Lucky Day
Working On A Dream,Album,Working on a Dream
Working On A Dream,Album,Queen of the Supermarket
Working On A Dream,Album,What Love Can Do
Working On A Dream,Album,This Life
Working On A Dream,Album,Good Eye
Working On A Dream,Album,Tomorrow Never Knows
Working On A Dream,Album,Life Itself
Working On A Dream,Album,Kingdom of Days
Working On A Dream,Album,"Surprise, Surprise"
Working On A Dream,Album,The Last Carnival
Working On A Dream,Album,The Wrestler
Working On A Dream,Outtake,A Night With the Jersey Devil
Wrecking Ball,Album,We Take Care of Our Own
Wrecking Ball,Album,Easy Money
Wrecking Ball,Album,Shackled and Drawn
Wrecking Ball,Album,Jack of All Trades
Wrecking Ball,Album,Death to My Hometown
Wrecking Ball,Album,This Depression
Wrecking Ball,Album,Wrecking Ball
Wrecking Ball,Album,You've Got It
Wrecking Ball,Album,Rocky Ground
Wrecking Ball,Album,Land of Hope and Dreams Album Version
Wrecking Ball,Album,We Are Alive
Wrecking Ball,Album,Swallowed Up (In the Belly of the Whale)
Wrecking Ball,Album,American Land Album Version
High Hopes,Album,High Hopes
High Hopes,Album,Harry's Place
High Hopes,Album,American Skin (41 Shots) Album Version
High Hopes,Album,Just Like Fire Would
High Hopes,Album,Down in the Hole
High Hopes,Album,Heaven's Wall
High Hopes,Album,Frankie Fell in Love
High Hopes,Album,This Is Your Sword
High Hopes,Album,Hunter of Invisible Game
High Hopes,Album,The Ghost of Tom Joad High Hopes Version
High Hopes,Album,The Wall
High Hopes,Album,Dream Baby Dream
High Hopes,Album,Shut Out the Light Album Version
High Hopes,Album,American Beauty
High Hopes,Album,Mary Mary
High Hopes,Album,Hurry Up Sundown
High Hopes,Album,Hey Blue Eyes
Western Stars,Album,Hitch Hikin'
Western Stars,Album,The Wayfarer
Western Stars,Album,Tucson Train
Western Stars,Album,Western Stars
Western Stars,Album,Sleepy Joe's Café
Western Stars,Album,Drive Fast (The Stuntman)
Western Stars,Album,Chasin' Wild Horses
Western Stars,Album,Sundown
Western Stars,Album,Somewhere North of Nashville
Western Stars,Album,Stones
Western Stars,Album,There Goes My Miracle
Western Stars,Album,Hello Sunshine
Western Stars,Album,Moonlight Motel
Western Stars,Outtake,I'll Stand by You
Western Stars,Outtake,That's What Makes Us Great
Letter To You,Album,One Minute You're Here
Letter To You,Album,Letter to You
Letter To You,Album,Burnin' Train
Letter To You,Album,Janey Needs a Shooter
Letter To You,Album,Last Man Standing
Letter To You,Album,The Power of Prayer
Letter To You,Album,House of a Thousand Guitars
Letter To You,Album,Rainmaker
Letter To You,Album,If I Was the Priest
Letter To You,Album,Ghosts
Letter To You,Album,Song for Orphans
Letter To You,Album,I'll See You in My Dreams
Letter To You,Album,BABY I (After Credits)
Only The Strong Survive,Album,Only the Strong Survive
Only The Strong Survive,Album,Soul Days
Only The Strong Survive,Album,Nightshift
Only The Strong Survive,Album,Do I Love You (Indeed I Do)
Only The Strong Survive,Album,The Sun Ain't Gonna Shine Anymore
Only The Strong Survive,Album,Turn Back the Hands of Time
Only The Strong Survive,Album,When She Was My Girl
Only The Strong Survive,Album,"Hey, Western Union Man"
Only The Strong Survive,Album,I Wish It Would Rain
Only The Strong Survive,Album,Don't Play That Song
Only The Strong Survive,Album,Any Other Way
Only The Strong Survive,Album,I Forgot to Be Your Lover
Only The Strong Survive,Album,Rooms of Gloom
Only The Strong Survive,Album,What Becomes of the Brokenhearted
Only The Strong Survive,Album,Someday We'll Be Together
